{
  "uPlayers": [
    [
      0.0,
      26.0,
      -0.7487999999999999
    ],
    [
      -18.0,
      22.0,
      -0.9827999999999998
    ],
    [
      18.0,
      20.0,
      -0.4651199999999999
    ],
    [
      0.0,
      6.0,
      -0.4752
    ],
    [
      -16.0,
      12.0,
      -0.4651199999999999
    ],
    [
      0,
      24,
      1.0952380952380953
    ],
    [
      -14,
      20,
      1.0952380952380953
    ],
    [
      14,
      18,
      1.0952380952380953
    ],
    [
      2,
      8,
      1.0952380952380953
    ],
    [
      -10,
      12,
      1.0952380952380953
    ],
    [
      0.0,
      0.0,
      0.0
    ],
    [
      0.0,
      0.0,
      0.0
    ],
    [
      0.0,
      0.0,
      0.0
    ],
    [
      0.0,
      0.0,
      0.0
    ],
    [
      0.0,
      0.0,
      0.0
    ],
    [
      0.0,
      0.0,
      0.0
    ]
  ],
  "uSigma": [
    5.5,
    6.0,
    5.0,
    4.5,
    5.0,
    5.0,
    5.0,
    5.0,
    5.0,
    5.0,
    5.0,
    5.0,
    5.0,
    5.0,
    5.0,
    5.0
  ],
  "uCount": 10
}